[null,{"name":"help","permissions":"SEND_MESSAGES","restriction":"1","actions":[{"channel":"0","varName":"","message":"```\nuno help                   Lists available commands\nuno fp                     Fast play with others to gain xp\nuno profile                Check your profile\nuno createroom             Create a private uno room\nuno invite                 Invite people to your party\nuno partydisband           Disband your party\n```\n","storage":"0","varName2":"","name":"Send Message"}]}]