[null,{"name":"WelcomeMessage","temp":"member","event-type":"6","actions":[{"channel":"4","varName":"","message":"Welcome ${tempVars(\"member\")}!","storage":"0","varName2":"","name":"Send Message"}]},{"name":"LeaveMessage","temp":"member","event-type":"7","actions":[{"channel":"4","varName":"","message":"${tempVars(\"member\")} left the server...","storage":"0","varName2":"","name":"Send Message"}]},{"name":"NewEvent","temp":"","event-type":"1","actions":[{"gameName":"Uno! 🔴 - uno help","gameLink":"","name":"Set Bot Game"}]}]